brendan_j_sheehan,Brendan,Sheehan
david_t_matia,David,Matia
john_j_russo,John J.,Russo
nancy_margaret_russo,Nancy Margaret,Russo
sherrie_miday,Sherrie,Miday
andrew_j_santoli,Andrew,Santoli
ashley_kilbane,Ashley,Kilbane
brian_mooney,Brian,Mooney
cassandra_williams,Cassandra,Collier-Williams
daniel_gaul,Daniel,Gaul
deborah_turner,Deborah,Turner
deena_calabreese,Deena,Calabreese
emily_hagan,Emily,Hagan
hollie_gallagaher,Hollie,Gallagher
jeffrey_saffold,Jeffrey,Saffold
jennifer_odonnell,Jennifer,O'Donnell
joan_synenberg,Joan,Synenberg
john_odonnell,John,O'Donnell
john_sutula,John D.,Sutula
kathleen_sutula,Kathleen Ann,Sutula
kelly_gallagher,Kelley,Gallagher
kevin_kelley,Kevin,Kelley
maureen_clancy,Maureen,Clancy
michael_shaughnessy,Michael,Shaughnessy
nancy_fuerst,Nancy,Fuerst
peter_corrigan,Peter,Corrigan
richard_a_bell,Richard,Bell
shannon_gallagher,Shannon,Gallagher
shirley_saffold,Shirley,Strickland-Saffold
steven_gall,Steven,Gall
timothy_mccormick,Timothy,McCormick
william_mcginty,William,McGinty
william_vodrey,William,Vodrey